<?xml version="1.0" encoding="UTF-8"?>
<project-private xmlns="http://www.netbeans.org/ns/project-private/1">
    <editor-bookmarks xmlns="http://www.netbeans.org/ns/editor-bookmarks/2" lastBookmarkId="0"/>
    <open-files xmlns="http://www.netbeans.org/ns/projectui-open-files/2">
        <group>
            <file>file:/C:/Users/Lenovo/Desktop/OneDrive/Documents/NetBeansProjects/ProjectPrakPBO/src/kamera/WelcomePage.java</file>
            <file>file:/C:/Users/Lenovo/Desktop/OneDrive/Documents/NetBeansProjects/ProjectPrakPBO/src/kamera/Kamera.java</file>
            <file>file:/C:/Users/Lenovo/Desktop/OneDrive/Documents/NetBeansProjects/ProjectPrakPBO/src/kamera/MainView.java</file>
            <file>file:/C:/Users/Lenovo/Desktop/OneDrive/Documents/NetBeansProjects/ProjectPrakPBO/src/controller/datakameracontroller.java</file>
        </group>
    </open-files>
</project-private>
